433.milc,Total Elapsed Time,Input1
Copy0,0.631491,0.631491
Copy1,0.628636,0.628636
Copy2,0.6297,0.6297
Copy3,0.631287,0.631287
Copy4,0.629142,0.629142
Copy5,0.631066,0.631066
Copy6,0.630619,0.630619
Copy7,0.630639,0.630639
Copy8,0.630201,0.630201
Copy9,0.627193,0.627193
Min,0.627193,0.627193
Max,0.631491,0.631491
Max_Min_delta,0.00685275505307,0.00685275505307
Mean,0.6299974,0.6299974
Median,0.63041,0.63041
Std Deviation,0.00128115301194,0.00128115301194
