458.sjeng,Total Elapsed Time,Input1
Copy0,49.343139,49.343139
Copy1,48.925367,48.925367
Copy2,49.005038,49.005038
Copy3,49.331631,49.331631
Copy4,49.060113,49.060113
Copy5,48.548376,48.548376
Copy6,48.371294,48.371294
Copy7,49.337412,49.337412
Copy8,49.091704,49.091704
Copy9,49.324793,49.324793
Min,48.371294,48.371294
Max,49.343139,49.343139
Max_Min_delta,0.0200913583168,0.0200913583168
Mean,49.0338867,49.0338867
Median,49.0759085,49.0759085
Std Deviation,0.32441206729,0.32441206729
