470.lbm,Total Elapsed Time,Input1
Copy0,2.884844,2.884844
Copy1,2.858843,2.858843
Copy2,2.894713,2.894713
Copy3,2.895084,2.895084
Copy4,2.863271,2.863271
Copy5,2.890723,2.890723
Copy6,2.879226,2.879226
Copy7,2.825933,2.825933
Copy8,2.891974,2.891974
Copy9,2.874223,2.874223
Min,2.825933,2.825933
Max,2.895084,2.895084
Max_Min_delta,0.024470148443,0.024470148443
Mean,2.8758834,2.8758834
Median,2.882035,2.882035
Std Deviation,0.0205938111927,0.0205938111927
