473.asta,Total Elapsed Time,Input1
Copy0,56.306474,56.306474
Copy1,56.425678,56.425678
Copy2,56.915417,56.915417
Copy3,56.829723,56.829723
Copy4,54.94231,54.94231
Copy5,56.115634,56.115634
Copy6,55.454996,55.454996
Copy7,56.094275,56.094275
Copy8,55.93191,55.93191
Copy9,56.846679,56.846679
Min,54.94231,54.94231
Max,56.915417,56.915417
Max_Min_delta,0.0359123415088,0.0359123415088
Mean,56.1863096,56.1863096
Median,56.211054,56.211054
Std Deviation,0.601160711731,0.601160711731
